"Station","Timestamp","Air_Temp","Road_Temp","Grip","Precipitation","Visibility","MP","rwis_rt"
"SWH",2020-10-24 20:15:00,48.84,50.77,0.77,0,NA,12.7,"US-89"
"UTMAN",2020-10-24 20:15:00,47.68,49.28,0.82,0,"no precip",5.8,"US-89"
"C8842",2020-10-24 20:15:06,48,NA,NA,0,NA,10.2,"US-89"
"C8843",2020-10-24 20:15:06,48,NA,NA,0,NA,3.7,"US-89"
"C8916",2020-10-24 20:15:06,55,NA,NA,0,NA,16.9,"US-89"
"SWH",2020-10-24 20:15:10,48.66,50.74,0.77,0,NA,12.7,"US-89"
"UTMAN",2020-10-24 20:15:10,47.43,49.28,0.82,0,"no precip",5.8,"US-89"
"C8842",2020-10-24 20:15:16,48,NA,NA,0,NA,10.2,"US-89"
"C8843",2020-10-24 20:15:16,48,NA,NA,0,NA,3.7,"US-89"
"C8916",2020-10-24 20:15:16,55,NA,NA,0,NA,16.9,"US-89"
"SWH",2020-10-24 20:15:20,48.99,50.56,0.77,0,NA,12.7,"US-89"
"UTMAN",2020-10-24 20:15:20,48.06,49.64,0.82,0,"no precip",5.8,"US-89"
"C8842",2020-10-24 20:15:26,48,NA,NA,0,NA,10.2,"US-89"
"C8843",2020-10-24 20:15:26,49,NA,NA,0,NA,3.7,"US-89"
"C8916",2020-10-24 20:15:26,55,NA,NA,0,NA,16.9,"US-89"
"SWH",2020-10-24 20:15:30,48.97,50.77,0.77,0,NA,12.7,"US-89"
"UTMAN",2020-10-24 20:15:30,47.99,49.64,0.82,0,"no precip",5.8,"US-89"
"C8842",2020-10-24 20:15:36,49,NA,NA,0,NA,10.2,"US-89"
"C8843",2020-10-24 20:15:36,50,NA,NA,0,NA,3.7,"US-89"
"C8916",2020-10-24 20:15:36,55,NA,NA,0,NA,16.9,"US-89"
"SWH",2020-10-24 20:15:40,49.25,50.81,0.77,0,NA,12.7,"US-89"
"UTMAN",2020-10-24 20:15:40,48.22,49.82,0.82,0,"no precip",5.8,"US-89"
"C8842",2020-10-24 20:15:46,49,NA,NA,0,NA,10.2,"US-89"
"C8843",2020-10-24 20:15:46,51,NA,NA,0,NA,3.7,"US-89"
"C8916",2020-10-24 20:15:46,55,NA,NA,0,NA,16.9,"US-89"
"SWH",2020-10-24 20:15:50,49.5,50.85,0.8,0,NA,12.7,"US-89"
"UTMAN",2020-10-24 20:15:50,47.91,49.1,0.82,0,"no precip",5.8,"US-89"
"C8842",2020-10-24 20:15:56,49,NA,NA,0,NA,10.2,"US-89"
"C8843",2020-10-24 20:15:56,51,NA,NA,0,NA,3.7,"US-89"
"C8916",2020-10-24 20:15:56,54,NA,NA,0,NA,16.9,"US-89"
"SWH",2020-10-24 20:16:00,49.32,50.7,0.8,0,NA,12.7,"US-89"
"UTMAN",2020-10-24 20:16:00,47.91,49.46,0.82,0,"no precip",5.8,"US-89"
"C8842",2020-10-24 20:16:06,49,NA,NA,0,NA,10.2,"US-89"
"C8843",2020-10-24 20:16:06,51,NA,NA,0,NA,3.7,"US-89"
"C8916",2020-10-24 20:16:06,53,NA,NA,0,NA,16.9,"US-89"
"SWH",2020-10-24 20:16:10,49.02,50.59,0.77,0,NA,12.7,"US-89"
"UTMAN",2020-10-24 20:16:10,48.12,49.46,0.82,0,"no precip",5.8,"US-89"
"C8842",2020-10-24 20:16:16,49,NA,NA,0,NA,10.2,"US-89"
"C8843",2020-10-24 20:16:16,51,NA,NA,0,NA,3.7,"US-89"
"C8916",2020-10-24 20:16:16,53,NA,NA,0,NA,16.9,"US-89"
"SWH",2020-10-24 20:16:20,48.66,50.23,0.77,0,NA,12.7,"US-89"
"UTMAN",2020-10-24 20:16:20,48.01,49.28,0.82,0,"no precip",5.8,"US-89"
"C8842",2020-10-24 20:16:26,49,NA,NA,0,NA,10.2,"US-89"
"C8843",2020-10-24 20:16:26,52,NA,NA,0,NA,3.7,"US-89"
"C8916",2020-10-24 20:16:26,53,NA,NA,0,NA,16.9,"US-89"
"SWH",2020-10-24 20:16:30,48.48,50.41,0.8,0,NA,12.7,"US-89"
"UTMAN",2020-10-24 20:16:30,48.29,49.64,0.82,0,"no precip",5.8,"US-89"
"C8842",2020-10-24 20:16:36,49,NA,NA,0,NA,10.2,"US-89"
"C8843",2020-10-24 20:16:36,52,NA,NA,0,NA,3.7,"US-89"
"C8916",2020-10-24 20:16:36,52,NA,NA,0,NA,16.9,"US-89"
"SWH",2020-10-24 20:16:40,48.02,51.46,0.8,0,NA,12.7,"US-89"
"UTMAN",2020-10-24 20:16:40,48.22,49.64,0.82,0,"no precip",5.8,"US-89"
"C8842",2020-10-24 20:16:46,49,NA,NA,0,NA,10.2,"US-89"
"C8843",2020-10-24 20:16:46,52,NA,NA,0,NA,3.7,"US-89"
"C8916",2020-10-24 20:16:46,51,NA,NA,0,NA,16.9,"US-89"
"SWH",2020-10-24 20:16:50,47.72,49.73,0.8,0,NA,12.7,"US-89"
"UTMAN",2020-10-24 20:16:50,48.12,49.1,0.82,0,"no precip",5.8,"US-89"
"C8842",2020-10-24 20:16:56,47,NA,NA,0,NA,10.2,"US-89"
"C8843",2020-10-24 20:16:56,52,NA,NA,0,NA,3.7,"US-89"
"C8916",2020-10-24 20:16:56,51,NA,NA,0,NA,16.9,"US-89"
"SWH",2020-10-24 20:17:00,47.62,49.87,0.8,0,NA,12.7,"US-89"
"UTMAN",2020-10-24 20:17:00,48.09,49.64,0.82,0,"no precip",5.8,"US-89"
"C8842",2020-10-24 20:17:06,47,NA,NA,0,NA,10.2,"US-89"
"C8843",2020-10-24 20:17:06,49,NA,NA,0,NA,3.7,"US-89"
"C8916",2020-10-24 20:17:06,51,NA,NA,0,NA,16.9,"US-89"
"SWH",2020-10-24 20:17:10,47.52,49.33,0.77,0,NA,12.7,"US-89"
"UTMAN",2020-10-24 20:17:10,48.63,50,0.82,0,"no precip",5.8,"US-89"
"C8842",2020-10-24 20:17:16,46,NA,NA,0,NA,10.2,"US-89"
"C8843",2020-10-24 20:17:16,48,NA,NA,0,NA,3.7,"US-89"
"C8916",2020-10-24 20:17:16,51,NA,NA,0,NA,16.9,"US-89"
"SWH",2020-10-24 20:17:20,47.11,49.08,0.77,0,NA,12.7,"US-89"
"UTMAN",2020-10-24 20:17:20,49.25,49.82,0.82,0,"no precip",5.8,"US-89"
"C8842",2020-10-24 20:17:26,46,NA,NA,0,NA,10.2,"US-89"
"C8843",2020-10-24 20:17:26,48,NA,NA,0,NA,3.7,"US-89"
"C8916",2020-10-24 20:17:26,51,NA,NA,0,NA,16.9,"US-89"
"SWH",2020-10-24 20:17:30,46.65,48.58,0.77,0,NA,12.7,"US-89"
"UTMAN",2020-10-24 20:17:30,49.82,50.18,0.82,0,"no precip",5.8,"US-89"
"C8842",2020-10-24 20:17:36,46,NA,NA,0,NA,10.2,"US-89"
"C8843",2020-10-24 20:17:36,48,NA,NA,0,NA,3.7,"US-89"
"C8916",2020-10-24 20:17:36,50,NA,NA,0,NA,16.9,"US-89"
"SWH",2020-10-24 20:17:40,46.37,48.4,0.77,0,NA,12.7,"US-89"
"UTMAN",2020-10-24 20:17:40,49.31,49.1,0.82,0,"no precip",5.8,"US-89"
"C8842",2020-10-24 20:17:46,46,NA,NA,0,NA,10.2,"US-89"
"C8843",2020-10-24 20:17:46,48,NA,NA,0,NA,3.7,"US-89"
"C8916",2020-10-24 20:17:46,50,NA,NA,0,NA,16.9,"US-89"
"SWH",2020-10-24 20:17:50,46.14,48.33,0.77,0,NA,12.7,"US-89"
"UTMAN",2020-10-24 20:17:50,49.31,49.64,0.82,0,"no precip",5.8,"US-89"
"C8842",2020-10-24 20:17:56,46,NA,NA,0,NA,10.2,"US-89"
"C8843",2020-10-24 20:17:56,48,NA,NA,0,NA,3.7,"US-89"
"C8916",2020-10-24 20:17:56,49,NA,NA,0,NA,16.9,"US-89"
"SWH",2020-10-24 20:18:00,45.54,48,0.8,0,NA,12.7,"US-89"
"UTMAN",2020-10-24 20:18:00,48.77,48.74,0.82,0,"no precip",5.8,"US-89"
"C8842",2020-10-24 20:18:06,46,NA,NA,0,NA,10.2,"US-89"
"C8843",2020-10-24 20:18:06,48,NA,NA,0,NA,3.7,"US-89"
"C8916",2020-10-24 20:18:06,49,NA,NA,0,NA,16.9,"US-89"
"SWH",2020-10-24 20:18:10,45.2,47.64,0.8,0,NA,12.7,"US-89"
"UTMAN",2020-10-24 20:18:10,47.58,48.38,0.82,0,"no precip",5.8,"US-89"
"C8842",2020-10-24 20:18:16,45,NA,NA,0,NA,10.2,"US-89"
"C8843",2020-10-24 20:18:16,48,NA,NA,0,NA,3.7,"US-89"
"C8916",2020-10-24 20:18:16,49,NA,NA,0,NA,16.9,"US-89"
"SWH",2020-10-24 20:18:20,44.9,47.46,0.8,0,NA,12.7,"US-89"
"UTMAN",2020-10-24 20:18:20,46.39,48.02,0.82,0,"no precip",5.8,"US-89"
"C8842",2020-10-24 20:18:26,45,NA,NA,0,NA,10.2,"US-89"
"C8843",2020-10-24 20:18:26,50,NA,NA,0,NA,3.7,"US-89"
"C8916",2020-10-24 20:18:26,49,NA,NA,0,NA,16.9,"US-89"
"SWH",2020-10-24 20:18:30,44.06,46.96,0.8,0,NA,12.7,"US-89"
"UTMAN",2020-10-24 20:18:30,48.35,49.1,0.82,0,"no precip",5.8,"US-89"
"C8842",2020-10-24 20:18:36,45,NA,NA,0,NA,10.2,"US-89"
"C8843",2020-10-24 20:18:36,51,NA,NA,0,NA,3.7,"US-89"
"C8916",2020-10-24 20:18:36,48,NA,NA,0,NA,16.9,"US-89"
"SWH",2020-10-24 20:18:40,43.5,46.56,0.8,0,NA,12.7,"US-89"
"UTMAN",2020-10-24 20:18:40,47.1,48.02,0.82,0,"no precip",5.8,"US-89"
"C8842",2020-10-24 20:18:46,45,NA,NA,0,NA,10.2,"US-89"
"C8843",2020-10-24 20:18:46,51,NA,NA,0,NA,3.7,"US-89"
"C8916",2020-10-24 20:18:46,48,NA,NA,0,NA,16.9,"US-89"
"SWH",2020-10-24 20:18:50,43.04,46.38,0.8,0,NA,12.7,"US-89"
"UTMAN",2020-10-24 20:18:50,45.45,46.94,0.82,0,"no precip",5.8,"US-89"
"C8842",2020-10-24 20:18:56,45,NA,NA,0,NA,10.2,"US-89"
"C8843",2020-10-24 20:18:56,51,NA,NA,0,NA,3.7,"US-89"
"C8916",2020-10-24 20:18:56,48,NA,NA,0,NA,16.9,"US-89"
"SWH",2020-10-24 20:19:00,43.14,46.78,0.8,0,NA,12.7,"US-89"
"UTMAN",2020-10-24 20:19:00,45.04,46.58,0.82,0,"no precip",5.8,"US-89"
"C8842",2020-10-24 20:19:06,45,NA,NA,0,NA,10.2,"US-89"
"C8843",2020-10-24 20:19:06,51,NA,NA,0,NA,3.7,"US-89"
"C8916",2020-10-24 20:19:06,48,NA,NA,0,NA,16.9,"US-89"
"SWH",2020-10-24 20:19:10,43.8,46.53,0.8,0,NA,12.7,"US-89"
"UTMAN",2020-10-24 20:19:10,44.73,46.4,0.82,0,"no precip",5.8,"US-89"
"C8842",2020-10-24 20:19:16,44,NA,NA,0,NA,10.2,"US-89"
"C8843",2020-10-24 20:19:16,51,NA,NA,0,NA,3.7,"US-89"
"C8916",2020-10-24 20:19:16,48,NA,NA,0,NA,16.9,"US-89"
"SWH",2020-10-24 20:19:20,42.28,45.91,0.8,0,NA,12.7,"US-89"
"UTMAN",2020-10-24 20:19:20,44.56,46.76,0.82,0,"no precip",5.8,"US-89"
"C8842",2020-10-24 20:19:26,44,NA,NA,0,NA,10.2,"US-89"
"C8843",2020-10-24 20:19:26,52,NA,NA,0,NA,3.7,"US-89"
"C8916",2020-10-24 20:19:26,48,NA,NA,0,NA,16.9,"US-89"
"SWH",2020-10-24 20:19:30,42.25,46.09,0.8,0,NA,12.7,"US-89"
"UTMAN",2020-10-24 20:19:30,43.51,46.58,0.82,0,"no precip",5.8,"US-89"
"C8842",2020-10-24 20:19:36,44,NA,NA,0,NA,10.2,"US-89"
"C8843",2020-10-24 20:19:36,51,NA,NA,0,NA,3.7,"US-89"
"C8916",2020-10-24 20:19:36,47,NA,NA,0,NA,16.9,"US-89"
"SWH",2020-10-24 20:19:40,41.95,45.77,0.8,0,NA,12.7,"US-89"
"UTMAN",2020-10-24 20:19:40,43.28,46.58,0.82,0,"no precip",5.8,"US-89"
"C8842",2020-10-24 20:19:46,44,NA,NA,0,NA,10.2,"US-89"
"C8843",2020-10-24 20:19:46,50,NA,NA,0,NA,3.7,"US-89"
"C8916",2020-10-24 20:19:46,46,NA,NA,0,NA,16.9,"US-89"
"SWH",2020-10-24 20:19:50,41.89,45.55,0.77,0,NA,12.7,"US-89"
"UTMAN",2020-10-24 20:19:50,43.41,47.3,0.82,0,"no precip",5.8,"US-89"
"C8842",2020-10-24 20:19:56,44,NA,NA,0,NA,10.2,"US-89"
"C8843",2020-10-24 20:19:56,50,NA,NA,0,NA,3.7,"US-89"
"C8916",2020-10-24 20:19:56,47,NA,NA,0,NA,16.9,"US-89"
"SWH",2020-10-24 20:20:00,42.73,45.37,0.77,0,NA,12.7,"US-89"
"UTMAN",2020-10-24 20:20:00,43.44,46.76,0.82,0,"no precip",5.8,"US-89"
"C8842",2020-10-24 20:20:06,45,NA,NA,0,NA,10.2,"US-89"
"C8843",2020-10-24 20:20:06,50,NA,NA,0,NA,3.7,"US-89"
"C8916",2020-10-24 20:20:06,47,NA,NA,0,NA,16.9,"US-89"
"SWH",2020-10-24 20:20:10,42.53,45.23,0.77,0,NA,12.7,"US-89"
"UTMAN",2020-10-24 20:20:10,43.03,45.5,0.82,0,"no precip",5.8,"US-89"
"C8842",2020-10-24 20:20:16,44,NA,NA,0,NA,10.2,"US-89"
"C8843",2020-10-24 20:20:16,50,NA,NA,0,NA,3.7,"US-89"
"C8916",2020-10-24 20:20:16,47,NA,NA,0,NA,16.9,"US-89"
"SWH",2020-10-24 20:20:20,42.71,45.63,0.77,0,NA,12.7,"US-89"
"UTMAN",2020-10-24 20:20:20,42.55,45.68,0.82,0,"no precip",5.8,"US-89"
"C8842",2020-10-24 20:20:26,44,NA,NA,0,NA,10.2,"US-89"
"C8843",2020-10-24 20:20:26,50,NA,NA,0,NA,3.7,"US-89"
"C8916",2020-10-24 20:20:26,47,NA,NA,0,NA,16.9,"US-89"
"SWH",2020-10-24 20:20:30,42.12,44.8,0.77,0,NA,12.7,"US-89"
"UTMAN",2020-10-24 20:20:30,42.21,45.5,0.82,0,"no precip",5.8,"US-89"
"C8842",2020-10-24 20:20:36,44,NA,NA,0,NA,10.2,"US-89"
"C8843",2020-10-24 20:20:36,50,NA,NA,0,NA,3.7,"US-89"
"C8916",2020-10-24 20:20:36,47,NA,NA,0,NA,16.9,"US-89"
"SWH",2020-10-24 20:20:40,41.71,44.4,0.77,0,NA,12.7,"US-89"
"UTMAN",2020-10-24 20:20:40,43.33,46.58,0.82,0,"no precip",5.8,"US-89"
"C8842",2020-10-24 20:20:46,44,NA,NA,0,NA,10.2,"US-89"
"C8843",2020-10-24 20:20:46,49,NA,NA,0,NA,3.7,"US-89"
"C8916",2020-10-24 20:20:46,47,NA,NA,0,NA,16.9,"US-89"
"SWH",2020-10-24 20:20:50,40.85,44.01,0.77,0,NA,12.7,"US-89"
"UTMAN",2020-10-24 20:20:50,43.87,46.58,0.82,0,"no precip",5.8,"US-89"
"C8842",2020-10-24 20:20:56,43,NA,NA,0,NA,10.2,"US-89"
"C8843",2020-10-24 20:20:56,49,NA,NA,0,NA,3.7,"US-89"
"C8916",2020-10-24 20:20:56,47,NA,NA,0,NA,16.9,"US-89"
"SWH",2020-10-24 20:21:00,40.09,44.44,0.77,0,NA,12.7,"US-89"
"UTMAN",2020-10-24 20:21:00,43.18,45.5,0.82,0,"no precip",5.8,"US-89"
"C8842",2020-10-24 20:21:06,43,NA,NA,0,NA,10.2,"US-89"
"C8843",2020-10-24 20:21:06,49,NA,NA,0,NA,3.7,"US-89"
"C8916",2020-10-24 20:21:06,47,NA,NA,0,NA,16.9,"US-89"
"SWH",2020-10-24 20:21:10,41.39,45.09,0.77,0,NA,12.7,"US-89"
"UTMAN",2020-10-24 20:21:10,43.23,46.58,0.82,0,"no precip",5.8,"US-89"
"C8842",2020-10-24 20:21:16,43,NA,NA,0,NA,10.2,"US-89"
"C8843",2020-10-24 20:21:16,49,NA,NA,0,NA,3.7,"US-89"
"C8916",2020-10-24 20:21:16,47,NA,NA,0,NA,16.9,"US-89"
"SWH",2020-10-24 20:21:20,42.32,44.91,0.77,0,NA,12.7,"US-89"
"UTMAN",2020-10-24 20:21:20,44.22,46.58,0.82,0,"no precip",5.8,"US-89"
"C8842",2020-10-24 20:21:26,42,NA,NA,0,NA,10.2,"US-89"
"C8843",2020-10-24 20:21:26,49,NA,NA,0,NA,3.7,"US-89"
"C8916",2020-10-24 20:21:26,48,NA,NA,0,NA,16.9,"US-89"
"SWH",2020-10-24 20:21:30,42.2,44.98,0.77,0,NA,12.7,"US-89"
"UTMAN",2020-10-24 20:21:30,43.77,46.58,0.82,0,"no precip",5.8,"US-89"
"C8842",2020-10-24 20:21:36,42,NA,NA,0,NA,10.2,"US-89"
"C8843",2020-10-24 20:21:36,49,NA,NA,0,NA,3.7,"US-89"
"C8916",2020-10-24 20:21:36,48,NA,NA,0,NA,16.9,"US-89"
"SWH",2020-10-24 20:21:40,42.66,44.76,0.77,0,NA,12.7,"US-89"
"UTMAN",2020-10-24 20:21:40,43.16,45.14,0.82,0,"no precip",5.8,"US-89"
"C8842",2020-10-24 20:21:46,42,NA,NA,0,NA,10.2,"US-89"
"C8843",2020-10-24 20:21:46,49,NA,NA,0,NA,3.7,"US-89"
"C8916",2020-10-24 20:21:46,47,NA,NA,0,NA,16.9,"US-89"
"SWH",2020-10-24 20:21:50,41.84,44.44,0.77,0,NA,12.7,"US-89"
"UTMAN",2020-10-24 20:21:50,43.64,46.4,0.82,0,"no precip",5.8,"US-89"
"C8842",2020-10-24 20:21:56,42,NA,NA,0,NA,10.2,"US-89"
"C8843",2020-10-24 20:21:56,48,NA,NA,0,NA,3.7,"US-89"
"C8916",2020-10-24 20:21:56,47,NA,NA,0,NA,16.9,"US-89"
"SWH",2020-10-24 20:22:00,42.1,44.51,0.77,0,NA,12.7,"US-89"
"UTMAN",2020-10-24 20:22:00,43.18,46.04,0.82,0,"no precip",5.8,"US-89"
"C8842",2020-10-24 20:22:06,42,NA,NA,0,NA,10.2,"US-89"
"C8843",2020-10-24 20:22:06,48,NA,NA,0,NA,3.7,"US-89"
"C8916",2020-10-24 20:22:06,47,NA,NA,0,NA,16.9,"US-89"
"SWH",2020-10-24 20:22:10,41.41,43.83,0.8,0,NA,12.7,"US-89"
"UTMAN",2020-10-24 20:22:10,43.69,46.22,0.82,0,"no precip",5.8,"US-89"
"C8842",2020-10-24 20:22:16,42,NA,NA,0,NA,10.2,"US-89"
"C8843",2020-10-24 20:22:16,48,NA,NA,0,NA,3.7,"US-89"
"C8916",2020-10-24 20:22:16,47,NA,NA,0,NA,16.9,"US-89"
"SWH",2020-10-24 20:22:20,42.12,43.9,0.8,0,NA,12.7,"US-89"
"UTMAN",2020-10-24 20:22:20,43.08,45.5,0.82,0,"no precip",5.8,"US-89"
"C8842",2020-10-24 20:22:26,42,NA,NA,0,NA,10.2,"US-89"
"C8843",2020-10-24 20:22:26,48,NA,NA,0,NA,3.7,"US-89"
"C8916",2020-10-24 20:22:26,47,NA,NA,0,NA,16.9,"US-89"
"SWH",2020-10-24 20:22:30,42.3,43.72,0.8,0,NA,12.7,"US-89"
"UTMAN",2020-10-24 20:22:30,43.46,46.04,0.82,0,"no precip",5.8,"US-89"
"C8842",2020-10-24 20:22:36,42,NA,NA,0,NA,10.2,"US-89"
"C8843",2020-10-24 20:22:36,47,NA,NA,0,NA,3.7,"US-89"
"C8916",2020-10-24 20:22:36,47,NA,NA,0,NA,16.9,"US-89"
"SWH",2020-10-24 20:22:40,42.25,43.25,0.77,0,NA,12.7,"US-89"
"UTMAN",2020-10-24 20:22:40,44.73,46.22,0.82,0,"no precip",5.8,"US-89"
"C8842",2020-10-24 20:22:46,42,NA,NA,0,NA,10.2,"US-89"
"C8843",2020-10-24 20:22:46,47,NA,NA,0,NA,3.7,"US-89"
"C8916",2020-10-24 20:22:46,47,NA,NA,0,NA,16.9,"US-89"
"SWH",2020-10-24 20:22:50,42.38,43.21,0.8,0,NA,12.7,"US-89"
"UTMAN",2020-10-24 20:22:50,44.3,45.68,0.82,0,"no precip",5.8,"US-89"
"C8842",2020-10-24 20:22:56,42,NA,NA,0,NA,10.2,"US-89"
"C8843",2020-10-24 20:22:56,46,NA,NA,0,NA,3.7,"US-89"
"C8916",2020-10-24 20:22:56,47,NA,NA,0,NA,16.9,"US-89"
"SWH",2020-10-24 20:23:00,42.51,43.93,0.8,0,NA,12.7,"US-89"
"UTMAN",2020-10-24 20:23:00,44.12,45.68,0.82,0,"no precip",5.8,"US-89"
"C8842",2020-10-24 20:23:06,42,NA,NA,0,NA,10.2,"US-89"
"C8843",2020-10-24 20:23:06,46,NA,NA,0,NA,3.7,"US-89"
"C8916",2020-10-24 20:23:06,47,NA,NA,0,NA,16.9,"US-89"
"SWH",2020-10-24 20:23:10,42.53,43.97,0.8,0,NA,12.7,"US-89"
"UTMAN",2020-10-24 20:23:10,43.71,45.5,0.82,0,"no precip",5.8,"US-89"
"C8842",2020-10-24 20:23:16,42,NA,NA,0,NA,10.2,"US-89"
"C8843",2020-10-24 20:23:16,45,NA,NA,0,NA,3.7,"US-89"
"C8916",2020-10-24 20:23:16,47,NA,NA,0,NA,16.9,"US-89"
"SWH",2020-10-24 20:23:20,42.3,44.01,0.8,0,NA,12.7,"US-89"
"UTMAN",2020-10-24 20:23:20,42.98,44.96,0.82,0,"no precip",5.8,"US-89"
"C8842",2020-10-24 20:23:26,42,NA,NA,0,NA,10.2,"US-89"
"C8843",2020-10-24 20:23:26,45,NA,NA,0,NA,3.7,"US-89"
"C8916",2020-10-24 20:23:26,46,NA,NA,0,NA,16.9,"US-89"
"SWH",2020-10-24 20:23:30,41.87,43.54,0.77,0,NA,12.7,"US-89"
"UTMAN",2020-10-24 20:23:30,42.78,44.96,0.82,0,"no precip",5.8,"US-89"
"C8842",2020-10-24 20:23:36,41,NA,NA,0,NA,10.2,"US-89"
"C8843",2020-10-24 20:23:36,45,NA,NA,0,NA,3.7,"US-89"
"C8916",2020-10-24 20:23:36,46,NA,NA,0,NA,16.9,"US-89"
"SWH",2020-10-24 20:23:40,41.21,43.43,0.8,0,NA,12.7,"US-89"
"UTMAN",2020-10-24 20:23:40,42.8,45.14,0.82,0,"no precip",5.8,"US-89"
"C8842",2020-10-24 20:23:46,40,NA,NA,0,NA,10.2,"US-89"
"C8843",2020-10-24 20:23:46,45,NA,NA,0,NA,3.7,"US-89"
"C8916",2020-10-24 20:23:46,45,NA,NA,0,NA,16.9,"US-89"
"SWH",2020-10-24 20:23:50,40.83,43.21,0.8,0,NA,12.7,"US-89"
"UTMAN",2020-10-24 20:23:50,42.75,45.14,0.82,0,"no precip",5.8,"US-89"
"C8842",2020-10-24 20:23:56,40,NA,NA,0,NA,10.2,"US-89"
"C8843",2020-10-24 20:23:56,45,NA,NA,0,NA,3.7,"US-89"
"C8916",2020-10-24 20:23:56,45,NA,NA,0,NA,16.9,"US-89"
"SWH",2020-10-25 20:00:00,40.45,41.95,0.8,0,NA,12.7,"US-89"
"UTMAN",2020-10-25 20:00:00,42.65,45.14,0.82,0,"no precip",5.8,"US-89"
"C8842",2020-10-25 20:00:06,40,NA,NA,0,NA,10.2,"US-89"
"C8843",2020-10-25 20:00:06,45,NA,NA,0,NA,3.7,"US-89"
"C8916",2020-10-25 20:00:06,45,NA,NA,0,NA,16.9,"US-89"
"SWH",2020-10-25 20:00:10,40.37,42.35,0.8,0,NA,12.7,"US-89"
"UTMAN",2020-10-25 20:00:10,42.52,44.96,0.82,0,"no precip",5.8,"US-89"
"C8842",2020-10-25 20:00:16,40,NA,NA,0,NA,10.2,"US-89"
"C8843",2020-10-25 20:00:16,44,NA,NA,0,NA,3.7,"US-89"
"C8916",2020-10-25 20:00:16,45,NA,NA,0,NA,16.9,"US-89"
"SWH",2020-10-25 20:00:20,40.21,42.71,0.8,0,NA,12.7,"US-89"
"UTMAN",2020-10-25 20:00:20,42.58,44.96,0.82,0,"no precip",5.8,"US-89"
"C8842",2020-10-25 20:00:26,40,NA,NA,0,NA,10.2,"US-89"
"C8843",2020-10-25 20:00:26,45,NA,NA,0,NA,3.7,"US-89"
"C8916",2020-10-25 20:00:26,45,NA,NA,0,NA,16.9,"US-89"
"SWH",2020-10-25 20:00:30,40.11,42.71,0.77,0,NA,12.7,"US-89"
"UTMAN",2020-10-25 20:00:30,42.29,44.96,0.82,0,"no precip",5.8,"US-89"
"C8842",2020-10-25 20:00:36,40,NA,NA,0,NA,10.2,"US-89"
"C8843",2020-10-25 20:00:36,45,NA,NA,0,NA,3.7,"US-89"
"C8916",2020-10-25 20:00:36,44,NA,NA,0,NA,16.9,"US-89"
"SWH",2020-10-25 20:00:40,39.79,42.39,0.77,0,NA,12.7,"US-89"
"UTMAN",2020-10-25 20:00:40,42.14,44.96,0.82,0,"no precip",5.8,"US-89"
"C8842",2020-10-25 20:00:46,39,NA,NA,0,NA,10.2,"US-89"
"C8843",2020-10-25 20:00:46,45,NA,NA,0,NA,3.7,"US-89"
"C8916",2020-10-25 20:00:46,42,NA,NA,0,NA,16.9,"US-89"
"SWH",2020-10-25 20:00:50,38.51,42.03,0.77,0,NA,12.7,"US-89"
"UTMAN",2020-10-25 20:00:50,42.09,44.96,0.82,0,"no precip",5.8,"US-89"
"C8842",2020-10-25 20:00:56,39,NA,NA,0,NA,10.2,"US-89"
"C8843",2020-10-25 20:00:56,45,NA,NA,0,NA,3.7,"US-89"
"C8916",2020-10-25 20:00:56,41,NA,NA,0,NA,16.9,"US-89"
"SWH",2020-10-25 20:01:00,37.59,41.77,0.77,0,NA,12.7,"US-89"
"UTMAN",2020-10-25 20:01:00,41.88,44.96,0.82,0,"no precip",5.8,"US-89"
"C8842",2020-10-25 20:01:06,37,NA,NA,0,NA,10.2,"US-89"
"C8843",2020-10-25 20:01:06,44,NA,NA,0,NA,3.7,"US-89"
"C8916",2020-10-25 20:01:06,41,NA,NA,0,NA,16.9,"US-89"
"SWH",2020-10-25 20:01:10,37.32,41.74,0.77,0,NA,12.7,"US-89"
"UTMAN",2020-10-25 20:01:10,41.6,44.42,0.82,0,"no precip",5.8,"US-89"
"C8842",2020-10-25 20:01:16,37,NA,NA,0,NA,10.2,"US-89"
"C8843",2020-10-25 20:01:16,43,NA,NA,0,NA,3.7,"US-89"
"C8916",2020-10-25 20:01:16,41,NA,NA,0,NA,16.9,"US-89"
"SWH",2020-10-25 20:01:20,37.21,41.63,0.77,0,NA,12.7,"US-89"
"UTMAN",2020-10-25 20:01:20,40.81,44.06,0.82,0,"no precip",5.8,"US-89"
"C8842",2020-10-25 20:01:26,36,NA,NA,0,NA,10.2,"US-89"
"C8843",2020-10-25 20:01:26,43,NA,NA,0,NA,3.7,"US-89"
"C8916",2020-10-25 20:01:26,41,NA,NA,0,NA,16.9,"US-89"
"SWH",2020-10-25 20:01:30,37.06,41.34,0.77,0,NA,12.7,"US-89"
"UTMAN",2020-10-25 20:01:30,40.58,44.06,0.82,0,"no precip",5.8,"US-89"
"C8842",2020-10-25 20:01:36,36,NA,NA,0,NA,10.2,"US-89"
"C8843",2020-10-25 20:01:36,42,NA,NA,0,NA,3.7,"US-89"
"C8916",2020-10-25 20:01:36,41,NA,NA,0,NA,16.9,"US-89"
"SWH",2020-10-25 20:01:40,36.75,41.38,0.77,0,NA,12.7,"US-89"
"UTMAN",2020-10-25 20:01:40,40.28,44.06,0.82,0,"no precip",5.8,"US-89"
"C8842",2020-10-25 20:01:46,36,NA,NA,0,NA,10.2,"US-89"
"C8843",2020-10-25 20:01:46,42,NA,NA,0,NA,3.7,"US-89"
"C8916",2020-10-25 20:01:46,40,NA,NA,0,NA,16.9,"US-89"
"SWH",2020-10-25 20:01:50,36.78,41.13,0.77,0,NA,12.7,"US-89"
"UTMAN",2020-10-25 20:01:50,40.03,43.88,0.82,0,"no precip",5.8,"US-89"
"C8842",2020-10-25 20:01:56,36,NA,NA,0,NA,10.2,"US-89"
"C8843",2020-10-25 20:01:56,41,NA,NA,0,NA,3.7,"US-89"
"C8916",2020-10-25 20:01:56,40,NA,NA,0,NA,16.9,"US-89"
"SWH",2020-10-25 20:02:00,35.97,39.79,0.7,0,NA,12.7,"US-89"
"UTMAN",2020-10-25 20:02:00,40.1,44.06,0.82,0,"no precip",5.8,"US-89"
"C8842",2020-10-25 20:02:06,35,NA,NA,0,NA,10.2,"US-89"
"C8843",2020-10-25 20:02:06,39,NA,NA,0,NA,3.7,"US-89"
"C8916",2020-10-25 20:02:06,39,NA,NA,0,NA,16.9,"US-89"
"SWH",2020-10-25 20:02:10,34.7,38.97,0.75,0,NA,12.7,"US-89"
"UTMAN",2020-10-25 20:02:10,39.19,42.26,0.82,0,"light precip",5.8,"US-89"
"C8842",2020-10-25 20:02:16,34,NA,NA,0,NA,10.2,"US-89"
"C8843",2020-10-25 20:02:16,39,NA,NA,0,NA,3.7,"US-89"
"C8916",2020-10-25 20:02:16,39,NA,NA,0,NA,16.9,"US-89"
"SWH",2020-10-25 20:02:20,34.22,39.07,0.75,0,NA,12.7,"US-89"
"UTMAN",2020-10-25 20:02:20,38.14,41.9,0.81,0,"no precip",5.8,"US-89"
"C8842",2020-10-25 20:02:26,34,NA,NA,0,NA,10.2,"US-89"
"C8843",2020-10-25 20:02:26,38,NA,NA,0,NA,3.7,"US-89"
"C8916",2020-10-25 20:02:26,39,NA,NA,0,NA,16.9,"US-89"
"SWH",2020-10-25 20:02:30,34.06,36.91,0.67,0,NA,12.7,"US-89"
"UTMAN",2020-10-25 20:02:30,37.36,41,0.82,0,"no precip",5.8,"US-89"
"C8842",2020-10-25 20:02:36,33,NA,NA,0,NA,10.2,"US-89"
"C8843",2020-10-25 20:02:36,38,NA,NA,0,NA,3.7,"US-89"
"C8916",2020-10-25 20:02:36,39,NA,NA,0,NA,16.9,"US-89"
"SWH",2020-10-25 20:02:40,33.6,37.09,0.67,0,NA,12.7,"US-89"
"UTMAN",2020-10-25 20:02:40,36.88,41.18,0.82,0,"no precip",5.8,"US-89"
"C8842",2020-10-25 20:02:46,33,NA,NA,0,NA,10.2,"US-89"
"C8843",2020-10-25 20:02:46,39,NA,NA,0,NA,3.7,"US-89"
"C8916",2020-10-25 20:02:46,38,NA,NA,0,NA,16.9,"US-89"
"SWH",2020-10-25 20:02:50,32.43,37.45,0.7,0,NA,12.7,"US-89"
"UTMAN",2020-10-25 20:02:50,36.49,40.82,0.82,0,"no precip",5.8,"US-89"
"C8842",2020-10-25 20:02:56,32,NA,NA,0,NA,10.2,"US-89"
"C8843",2020-10-25 20:02:56,39,NA,NA,0,NA,3.7,"US-89"
"C8916",2020-10-25 20:02:56,38,NA,NA,0,NA,16.9,"US-89"
"SWH",2020-10-25 20:03:00,32.35,37.81,0.72,0,NA,12.7,"US-89"
"UTMAN",2020-10-25 20:03:00,35.99,40.82,0.82,0,"light precip",5.8,"US-89"
"C8842",2020-10-25 20:03:06,32,NA,NA,0,NA,10.2,"US-89"
"C8843",2020-10-25 20:03:06,38,NA,NA,0,NA,3.7,"US-89"
"C8916",2020-10-25 20:03:06,37,NA,NA,0,NA,16.9,"US-89"
"SWH",2020-10-25 20:03:10,32.56,38.03,0.7,0,NA,12.7,"US-89"
"UTMAN",2020-10-25 20:03:10,35.86,41,0.82,0,"light precip",5.8,"US-89"
"C8842",2020-10-25 20:03:16,32,NA,NA,0,NA,10.2,"US-89"
"C8843",2020-10-25 20:03:16,38,NA,NA,0,NA,3.7,"US-89"
"C8916",2020-10-25 20:03:16,37,NA,NA,0,NA,16.9,"US-89"
"SWH",2020-10-25 20:03:20,32.76,37.92,0.7,0,NA,12.7,"US-89"
"UTMAN",2020-10-25 20:03:20,35.78,41.18,0.82,0,"no precip",5.8,"US-89"
"C8842",2020-10-25 20:03:26,32,NA,NA,0,NA,10.2,"US-89"
"C8843",2020-10-25 20:03:26,38,NA,NA,0,NA,3.7,"US-89"
"C8916",2020-10-25 20:03:26,37,NA,NA,0,NA,16.9,"US-89"
"SWH",2020-10-25 20:03:30,32.25,37.2,0.72,0,NA,12.7,"US-89"
"UTMAN",2020-10-25 20:03:30,35.83,41.36,0.82,0,"no precip",5.8,"US-89"
"C8842",2020-10-25 20:03:36,32,NA,NA,0,NA,10.2,"US-89"
"C8843",2020-10-25 20:03:36,38,NA,NA,0,NA,3.7,"US-89"
"C8916",2020-10-25 20:03:36,36,NA,NA,0,NA,16.9,"US-89"
"SWH",2020-10-25 20:03:40,32,37.31,0.72,0,NA,12.7,"US-89"
"UTMAN",2020-10-25 20:03:40,35.73,41.36,0.82,0,"light precip",5.8,"US-89"
"C8842",2020-10-25 20:03:46,31,NA,NA,0,NA,10.2,"US-89"
"C8843",2020-10-25 20:03:46,36,NA,NA,0,NA,3.7,"US-89"
"C8916",2020-10-25 20:03:46,36,NA,NA,0,NA,16.9,"US-89"
"SWH",2020-10-25 20:03:50,32.08,37.27,0.7,0,NA,12.7,"US-89"
"UTMAN",2020-10-25 20:03:50,35.4,41,0.82,0,"no precip",5.8,"US-89"
"C8842",2020-10-25 20:03:56,31,NA,NA,0,NA,10.2,"US-89"
"C8843",2020-10-25 20:03:56,36,NA,NA,0,NA,3.7,"US-89"
"C8916",2020-10-25 20:03:56,35,NA,NA,0,NA,16.9,"US-89"
"SWH",2020-10-25 20:04:00,30.58,34.93,0.63,0,NA,12.7,"US-89"
"UTMAN",2020-10-25 20:04:00,34.79,40.28,0.82,0,"light precip",5.8,"US-89"
"C8842",2020-10-25 20:04:06,31,NA,NA,0,NA,10.2,"US-89"
"C8843",2020-10-25 20:04:06,36,NA,NA,0,NA,3.7,"US-89"
"C8916",2020-10-25 20:04:06,34,NA,NA,0,NA,16.9,"US-89"
"SWH",2020-10-25 20:04:10,28.87,33.31,0.38,0,NA,12.7,"US-89"
"UTMAN",2020-10-25 20:04:10,34.59,40.64,0.82,0,"light precip",5.8,"US-89"
"C8842",2020-10-25 20:04:16,29,NA,NA,0,NA,10.2,"US-89"
"C8843",2020-10-25 20:04:16,35,NA,NA,0,NA,3.7,"US-89"
"C8916",2020-10-25 20:04:16,33,NA,NA,0,NA,16.9,"US-89"
"SWH",2020-10-25 20:04:20,28.11,33.49,0.6,0,NA,12.7,"US-89"
"UTMAN",2020-10-25 20:04:20,33.62,39.38,0.82,0,"light precip",5.8,"US-89"
"C8842",2020-10-25 20:04:26,29,NA,NA,0,NA,10.2,"US-89"
"C8843",2020-10-25 20:04:26,35,NA,NA,0,NA,3.7,"US-89"
"C8916",2020-10-25 20:04:26,32,NA,NA,0,NA,16.9,"US-89"
"SWH",2020-10-25 20:04:30,27.88,32.77,0.25,0,NA,12.7,"US-89"
"UTMAN",2020-10-25 20:04:30,32.81,37.76,0.82,0,"light precip",5.8,"US-89"
"C8842",2020-10-25 20:04:36,28,NA,NA,0,NA,10.2,"US-89"
"C8843",2020-10-25 20:04:36,34,NA,NA,0,NA,3.7,"US-89"
"C8916",2020-10-25 20:04:36,32,NA,NA,0,NA,16.9,"US-89"
"SWH",2020-10-25 20:04:40,27.81,33.31,0.6,0,NA,12.7,"US-89"
"UTMAN",2020-10-25 20:04:40,31.36,35.42,0.8,0,"light precip",5.8,"US-89"
"C8842",2020-10-25 20:04:46,28,NA,NA,0,NA,10.2,"US-89"
"C8843",2020-10-25 20:04:46,34,NA,NA,0,NA,3.7,"US-89"
"C8916",2020-10-25 20:04:46,32,NA,NA,0,NA,16.9,"US-89"
"SWH",2020-10-25 20:04:50,27.73,33.71,0.22,0,NA,12.7,"US-89"
"UTMAN",2020-10-25 20:04:50,30.7,35.24,0.79,0,"light precip",5.8,"US-89"
"C8842",2020-10-25 20:04:56,28,NA,NA,0,NA,10.2,"US-89"
"C8843",2020-10-25 20:04:56,34,NA,NA,0,NA,3.7,"US-89"
"C8916",2020-10-25 20:04:56,32,NA,NA,0,NA,16.9,"US-89"
"SWH",2020-10-25 20:05:00,27.75,33.82,0.6,0,NA,12.7,"US-89"
"UTMAN",2020-10-25 20:05:00,30.42,36.68,0.78,0,"light precip",5.8,"US-89"
"C8842",2020-10-25 20:05:06,28,NA,NA,0,NA,10.2,"US-89"
"C8843",2020-10-25 20:05:06,33,NA,NA,0,NA,3.7,"US-89"
"C8916",2020-10-25 20:05:06,31,NA,NA,0,NA,16.9,"US-89"
"SWH",2020-10-25 20:05:10,27.93,34.14,0.22,0,NA,12.7,"US-89"
"UTMAN",2020-10-25 20:05:10,30.24,37.22,0.79,0,"light precip",5.8,"US-89"
"C8842",2020-10-25 20:05:16,28,NA,NA,0,NA,10.2,"US-89"
"C8843",2020-10-25 20:05:16,34,NA,NA,0,NA,3.7,"US-89"
"C8916",2020-10-25 20:05:16,29,NA,NA,0,NA,16.9,"US-89"
"SWH",2020-10-25 20:05:20,27.81,34.21,0.6,0,NA,12.7,"US-89"
"UTMAN",2020-10-25 20:05:20,30.19,37.22,0.79,0,"light precip",5.8,"US-89"
"C8842",2020-10-25 20:05:26,28,NA,NA,0,NA,10.2,"US-89"
"C8843",2020-10-25 20:05:26,32,NA,NA,0,NA,3.7,"US-89"
"C8916",2020-10-25 20:05:26,29,NA,NA,0,NA,16.9,"US-89"
"SWH",2020-10-25 20:05:30,27.81,34.36,0.63,0,NA,12.7,"US-89"
"UTMAN",2020-10-25 20:05:30,30.19,37.22,0.8,0,"light precip",5.8,"US-89"
"C8842",2020-10-25 20:05:36,28,NA,NA,0,NA,10.2,"US-89"
"C8843",2020-10-25 20:05:36,32,NA,NA,0,NA,3.7,"US-89"
"C8916",2020-10-25 20:05:36,28,NA,NA,0,NA,16.9,"US-89"
"SWH",2020-10-25 20:05:40,26.21,33.24,0.6,0,NA,12.7,"US-89"
"UTMAN",2020-10-25 20:05:40,30.24,37.4,0.8,0,"light precip",5.8,"US-89"
"C8842",2020-10-25 20:05:46,27,NA,NA,0,NA,10.2,"US-89"
"C8843",2020-10-25 20:05:46,31,NA,NA,0,NA,3.7,"US-89"
"C8916",2020-10-25 20:05:46,28,NA,NA,0,NA,16.9,"US-89"
"SWH",2020-10-25 20:05:50,24.73,33.24,0.63,0,NA,12.7,"US-89"
"UTMAN",2020-10-25 20:05:50,30.32,37.58,0.8,0,"light precip",5.8,"US-89"
"C8842",2020-10-25 20:05:56,25,NA,NA,0,NA,10.2,"US-89"
"C8843",2020-10-25 20:05:56,30,NA,NA,0,NA,3.7,"US-89"
"C8916",2020-10-25 20:05:56,28,NA,NA,0,NA,16.9,"US-89"
"SWH",2020-10-25 20:06:00,24.91,33.1,0.63,0,NA,12.7,"US-89"
"UTMAN",2020-10-25 20:06:00,30.7,37.4,0.8,0,"light precip",5.8,"US-89"
"C8842",2020-10-25 20:06:06,25,NA,NA,0,NA,10.2,"US-89"
"C8843",2020-10-25 20:06:06,30,NA,NA,0,NA,3.7,"US-89"
"C8916",2020-10-25 20:06:06,27,NA,NA,0,NA,16.9,"US-89"
"SWH",2020-10-25 20:06:10,24.96,33.24,0.63,0,NA,12.7,"US-89"
"UTMAN",2020-10-25 20:06:10,29.5,36.68,0.8,0,"light precip",5.8,"US-89"
"C8842",2020-10-25 20:06:16,25,NA,NA,0,NA,10.2,"US-89"
"C8843",2020-10-25 20:06:16,31,NA,NA,0,NA,3.7,"US-89"
"C8916",2020-10-25 20:06:16,26,NA,NA,0,NA,16.9,"US-89"
"SWH",2020-10-25 20:06:20,23.74,33.24,0.63,0,NA,12.7,"US-89"
"UTMAN",2020-10-25 20:06:20,29.29,36.5,0.8,0,"no precip",5.8,"US-89"
"C8842",2020-10-25 20:06:26,24,NA,NA,0,NA,10.2,"US-89"
"C8843",2020-10-25 20:06:26,28,NA,NA,0,NA,3.7,"US-89"
"C8916",2020-10-25 20:06:26,26,NA,NA,0,NA,16.9,"US-89"
"SWH",2020-10-25 20:06:30,22.8,32.45,0.63,0,NA,12.7,"US-89"
"UTMAN",2020-10-25 20:06:30,29.17,35.96,0.81,0,"light precip",5.8,"US-89"
"C8842",2020-10-25 20:06:36,23,NA,NA,0,NA,10.2,"US-89"
"C8843",2020-10-25 20:06:36,28,NA,NA,0,NA,3.7,"US-89"
"C8916",2020-10-25 20:06:36,26,NA,NA,0,NA,16.9,"US-89"
"SWH",2020-10-25 20:06:40,22.72,32.38,0.63,0,NA,12.7,"US-89"
"UTMAN",2020-10-25 20:06:40,28.71,35.6,0.81,0,"light precip",5.8,"US-89"
"C8842",2020-10-25 20:06:46,23,NA,NA,0,NA,10.2,"US-89"
"C8843",2020-10-25 20:06:46,27,NA,NA,0,NA,3.7,"US-89"
"C8916",2020-10-25 20:06:46,26,NA,NA,0,NA,16.9,"US-89"
"SWH",2020-10-25 20:06:50,22.22,31.62,0.63,0,NA,12.7,"US-89"
"UTMAN",2020-10-25 20:06:50,27.52,34.52,0.81,0,"light precip",5.8,"US-89"
"C8842",2020-10-25 20:06:56,22,NA,NA,0,NA,10.2,"US-89"
"C8843",2020-10-25 20:06:56,27,NA,NA,0,NA,3.7,"US-89"
"C8916",2020-10-25 20:06:56,26,NA,NA,0,NA,16.9,"US-89"
"SWH",2020-10-25 20:07:00,21.71,31.48,0.67,0,NA,12.7,"US-89"
"UTMAN",2020-10-25 20:07:00,26.78,34.7,0.8,0,"light precip",5.8,"US-89"
"C8842",2020-10-25 20:07:06,21,NA,NA,0,NA,10.2,"US-89"
"C8843",2020-10-25 20:07:06,27,NA,NA,0,NA,3.7,"US-89"
"C8916",2020-10-25 20:07:06,26,NA,NA,0,NA,16.9,"US-89"
"SWH",2020-10-25 20:07:10,21.4,31.23,0.63,0,NA,12.7,"US-89"
"UTMAN",2020-10-25 20:07:10,26.6,34.52,0.81,0,"no precip",5.8,"US-89"
"C8842",2020-10-25 20:07:16,21,NA,NA,0,NA,10.2,"US-89"
"C8843",2020-10-25 20:07:16,28,NA,NA,0,NA,3.7,"US-89"
"C8916",2020-10-25 20:07:16,25,NA,NA,0,NA,16.9,"US-89"
"SWH",2020-10-25 20:07:20,21.23,30.9,0.7,0,NA,12.7,"US-89"
"UTMAN",2020-10-25 20:07:20,25.79,34.16,0.81,0,"no precip",5.8,"US-89"
"C8842",2020-10-25 20:07:26,21,NA,NA,0,NA,10.2,"US-89"
"C8843",2020-10-25 20:07:26,29,NA,NA,0,NA,3.7,"US-89"
"C8916",2020-10-25 20:07:26,25,NA,NA,0,NA,16.9,"US-89"
"SWH",2020-10-25 20:07:30,20.77,30.65,0.67,0,NA,12.7,"US-89"
"UTMAN",2020-10-25 20:07:30,25.06,33.8,0.81,0,"no precip",5.8,"US-89"
"C8842",2020-10-25 20:07:36,20,NA,NA,0,NA,10.2,"US-89"
"C8843",2020-10-25 20:07:36,28,NA,NA,0,NA,3.7,"US-89"
"C8916",2020-10-25 20:07:36,24,NA,NA,0,NA,16.9,"US-89"
"SWH",2020-10-25 20:07:40,20.49,30,0.67,0,NA,12.7,"US-89"
"UTMAN",2020-10-25 20:07:40,25.06,33.44,0.81,0,"no precip",5.8,"US-89"
"C8842",2020-10-25 20:07:46,20,NA,NA,0,NA,10.2,"US-89"
"C8843",2020-10-25 20:07:46,27,NA,NA,0,NA,3.7,"US-89"
"C8916",2020-10-25 20:07:46,24,NA,NA,0,NA,16.9,"US-89"
"SWH",2020-10-25 20:07:50,20.08,29.93,0.67,0,NA,12.7,"US-89"
"UTMAN",2020-10-25 20:07:50,25.1,33.8,0.81,0,"no precip",5.8,"US-89"
"C8842",2020-10-25 20:07:56,20,NA,NA,0,NA,10.2,"US-89"
"C8843",2020-10-25 20:07:56,27,NA,NA,0,NA,3.7,"US-89"
"C8916",2020-10-25 20:07:56,24,NA,NA,0,NA,16.9,"US-89"
"SWH",2020-10-25 20:08:00,20.29,30.11,0.7,0,NA,12.7,"US-89"
"UTMAN",2020-10-25 20:08:00,24.98,33.62,0.81,0,"no precip",5.8,"US-89"
"C8842",2020-10-25 20:08:06,19,NA,NA,0,NA,10.2,"US-89"
"C8843",2020-10-25 20:08:06,27,NA,NA,0,NA,3.7,"US-89"
"C8916",2020-10-25 20:08:06,23,NA,NA,0,NA,16.9,"US-89"
"SWH",2020-10-25 20:08:10,20.11,29.89,0.67,0,NA,12.7,"US-89"
"UTMAN",2020-10-25 20:08:10,24.65,33.62,0.81,0,"no precip",5.8,"US-89"
"C8842",2020-10-25 20:08:16,19,NA,NA,0,NA,10.2,"US-89"
"C8843",2020-10-25 20:08:16,27,NA,NA,0,NA,3.7,"US-89"
"C8916",2020-10-25 20:08:16,23,NA,NA,0,NA,16.9,"US-89"
"SWH",2020-10-25 20:08:20,19.85,29.57,0.7,0,NA,12.7,"US-89"
"UTMAN",2020-10-25 20:08:20,24.72,33.62,0.81,0,"no precip",5.8,"US-89"
"C8842",2020-10-25 20:08:26,19,NA,NA,0,NA,10.2,"US-89"
"C8843",2020-10-25 20:08:26,27,NA,NA,0,NA,3.7,"US-89"
"C8916",2020-10-25 20:08:26,23,NA,NA,0,NA,16.9,"US-89"
"SWH",2020-10-25 20:08:30,19.67,29.53,0.7,0,NA,12.7,"US-89"
"UTMAN",2020-10-25 20:08:30,24.75,33.8,0.81,0,"no precip",5.8,"US-89"
"C8842",2020-10-25 20:08:36,19,NA,NA,0,NA,10.2,"US-89"
"C8843",2020-10-25 20:08:36,27,NA,NA,0,NA,3.7,"US-89"
"C8916",2020-10-25 20:08:36,23,NA,NA,0,NA,16.9,"US-89"
"SWH",2020-10-25 20:08:40,19.29,29.17,0.72,0,NA,12.7,"US-89"
"UTMAN",2020-10-25 20:08:40,24.4,33.44,0.81,0,"no precip",5.8,"US-89"
"C8842",2020-10-25 20:08:46,19,NA,NA,0,NA,10.2,"US-89"
"C8843",2020-10-25 20:08:46,26,NA,NA,0,NA,3.7,"US-89"
"C8916",2020-10-25 20:08:46,23,NA,NA,0,NA,16.9,"US-89"
"SWH",2020-10-25 20:08:50,19.12,29.07,0.72,0,NA,12.7,"US-89"
"UTMAN",2020-10-25 20:08:50,24.06,33.44,0.81,0,"no precip",5.8,"US-89"
"C8842",2020-10-25 20:08:56,18,NA,NA,0,NA,10.2,"US-89"
"C8843",2020-10-25 20:08:56,26,NA,NA,0,NA,3.7,"US-89"
"C8916",2020-10-25 20:08:56,24,NA,NA,0,NA,16.9,"US-89"
"SWH",2020-10-25 20:09:00,19.27,29.61,0.72,0,NA,12.7,"US-89"
"UTMAN",2020-10-25 20:09:00,23.91,33.44,0.81,0,"no precip",5.8,"US-89"
"C8842",2020-10-25 20:09:06,19,NA,NA,0,NA,10.2,"US-89"
"C8843",2020-10-25 20:09:06,26,NA,NA,0,NA,3.7,"US-89"
"C8916",2020-10-25 20:09:06,24,NA,NA,0,NA,16.9,"US-89"
"SWH",2020-10-25 20:09:10,19.32,29.5,0.72,0,NA,12.7,"US-89"
"UTMAN",2020-10-25 20:09:10,23.76,33.44,0.81,0,"no precip",5.8,"US-89"
"C8842",2020-10-25 20:09:16,19,NA,NA,0,NA,10.2,"US-89"
"C8843",2020-10-25 20:09:16,26,NA,NA,0,NA,3.7,"US-89"
"C8916",2020-10-25 20:09:16,24,NA,NA,0,NA,16.9,"US-89"
"SWH",2020-10-25 20:09:20,19.35,29.64,0.72,0,NA,12.7,"US-89"
"UTMAN",2020-10-25 20:09:20,23.68,33.44,0.81,0,"no precip",5.8,"US-89"
"C8842",2020-10-25 20:09:26,19,NA,NA,0,NA,10.2,"US-89"
"C8843",2020-10-25 20:09:26,26,NA,NA,0,NA,3.7,"US-89"
"C8916",2020-10-25 20:09:26,24,NA,NA,0,NA,16.9,"US-89"
"SWH",2020-10-25 20:09:30,19.5,30.11,0.72,0,NA,12.7,"US-89"
"UTMAN",2020-10-25 20:09:30,23.63,33.62,0.81,0,"no precip",5.8,"US-89"
"C8842",2020-10-25 20:09:36,19,NA,NA,0,NA,10.2,"US-89"
"C8843",2020-10-25 20:09:36,25,NA,NA,0,NA,3.7,"US-89"
"C8916",2020-10-25 20:09:36,24,NA,NA,0,NA,16.9,"US-89"
"SWH",2020-10-25 20:09:40,19.12,29.89,0.7,0,NA,12.7,"US-89"
"UTMAN",2020-10-25 20:09:40,23.88,33.98,0.81,0,"no precip",5.8,"US-89"
"C8842",2020-10-25 20:09:46,19,NA,NA,0,NA,10.2,"US-89"
"C8843",2020-10-25 20:09:46,25,NA,NA,0,NA,3.7,"US-89"
"C8916",2020-10-25 20:09:46,23,NA,NA,0,NA,16.9,"US-89"
"SWH",2020-10-25 20:09:50,19.07,29.64,0.72,0,NA,12.7,"US-89"
"UTMAN",2020-10-25 20:09:50,24.22,34.34,0.81,0,"no precip",5.8,"US-89"
"C8842",2020-10-25 20:09:56,18,NA,NA,0,NA,10.2,"US-89"
"C8843",2020-10-25 20:09:56,26,NA,NA,0,NA,3.7,"US-89"
"C8916",2020-10-25 20:09:56,24,NA,NA,0,NA,16.9,"US-89"
"SWH",2020-10-25 20:10:00,19.19,29.5,0.72,0,NA,12.7,"US-89"
"UTMAN",2020-10-25 20:10:00,24.06,34.16,0.81,0,"no precip",5.8,"US-89"
"C8842",2020-10-25 20:10:06,18,NA,NA,0,NA,10.2,"US-89"
"C8843",2020-10-25 20:10:06,25,NA,NA,0,NA,3.7,"US-89"
"C8916",2020-10-25 20:10:06,24,NA,NA,0,NA,16.9,"US-89"
"SWH",2020-10-25 20:10:10,19.47,30.18,0.72,0,NA,12.7,"US-89"
"UTMAN",2020-10-25 20:10:10,23.63,33.98,0.81,0,"no precip",5.8,"US-89"
"C8842",2020-10-25 20:10:16,18,NA,NA,0,NA,10.2,"US-89"
"C8843",2020-10-25 20:10:16,25,NA,NA,0,NA,3.7,"US-89"
"C8916",2020-10-25 20:10:16,24,NA,NA,0,NA,16.9,"US-89"
"SWH",2020-10-25 20:10:20,19.27,30.11,0.72,0,NA,12.7,"US-89"
"UTMAN",2020-10-25 20:10:20,23.66,34.16,0.81,0,"no precip",5.8,"US-89"
"C8842",2020-10-25 20:10:26,18,NA,NA,0,NA,10.2,"US-89"
"C8843",2020-10-25 20:10:26,26,NA,NA,0,NA,3.7,"US-89"
"C8916",2020-10-25 20:10:26,24,NA,NA,0,NA,16.9,"US-89"
"SWH",2020-10-25 20:10:30,19.24,29.89,0.72,0,NA,12.7,"US-89"
"UTMAN",2020-10-25 20:10:30,23.38,33.98,0.81,0,"no precip",5.8,"US-89"
"C8842",2020-10-25 20:10:36,18,NA,NA,0,NA,10.2,"US-89"
"C8843",2020-10-25 20:10:36,26,NA,NA,0,NA,3.7,"US-89"
"C8916",2020-10-25 20:10:36,24,NA,NA,0,NA,16.9,"US-89"
"SWH",2020-10-25 20:10:40,19.39,30.15,0.72,0,NA,12.7,"US-89"
"UTMAN",2020-10-25 20:10:40,23.28,34.16,0.81,0,"no precip",5.8,"US-89"
"C8842",2020-10-25 20:10:46,18,NA,NA,0,NA,10.2,"US-89"
"C8843",2020-10-25 20:10:46,26,NA,NA,0,NA,3.7,"US-89"
"C8916",2020-10-25 20:10:46,24,NA,NA,0,NA,16.9,"US-89"
"SWH",2020-10-25 20:10:50,19.55,30.36,0.72,0,NA,12.7,"US-89"
"UTMAN",2020-10-25 20:10:50,23.53,34.52,0.81,0,"no precip",5.8,"US-89"
"C8842",2020-10-25 20:10:56,18,NA,NA,0,NA,10.2,"US-89"
"C8843",2020-10-25 20:10:56,26,NA,NA,0,NA,3.7,"US-89"
"C8916",2020-10-25 20:10:56,24,NA,NA,0,NA,16.9,"US-89"
"SWH",2020-10-25 20:11:00,19.93,30.97,0.72,0,NA,12.7,"US-89"
"UTMAN",2020-10-25 20:11:00,23.6,34.88,0.81,0,"no precip",5.8,"US-89"
"C8842",2020-10-25 20:11:06,19,NA,NA,0,NA,10.2,"US-89"
"C8843",2020-10-25 20:11:06,26,NA,NA,0,NA,3.7,"US-89"
"C8916",2020-10-25 20:11:06,24,NA,NA,0,NA,16.9,"US-89"
"SWH",2020-10-25 20:11:10,20.34,32.09,0.72,0,NA,12.7,"US-89"
"UTMAN",2020-10-25 20:11:10,24.06,35.42,0.82,0,"no precip",5.8,"US-89"
"C8842",2020-10-25 20:11:16,19,NA,NA,0,NA,10.2,"US-89"
"C8843",2020-10-25 20:11:16,27,NA,NA,0,NA,3.7,"US-89"
"C8916",2020-10-25 20:11:16,24,NA,NA,0,NA,16.9,"US-89"
"SWH",2020-10-25 20:11:20,20.39,32.05,0.72,0,NA,12.7,"US-89"
"UTMAN",2020-10-25 20:11:20,24.12,36.32,0.82,0,"no precip",5.8,"US-89"
"C8842",2020-10-25 20:11:26,19,NA,NA,0,NA,10.2,"US-89"
"C8843",2020-10-25 20:11:26,27,NA,NA,0,NA,3.7,"US-89"
"C8916",2020-10-25 20:11:26,24,NA,NA,0,NA,16.9,"US-89"
"SWH",2020-10-25 20:11:30,20.89,32.09,0.75,0,NA,12.7,"US-89"
"UTMAN",2020-10-25 20:11:30,24.58,36.68,0.82,0,"no precip",5.8,"US-89"
"C8842",2020-10-25 20:11:36,19,NA,NA,0,NA,10.2,"US-89"
"C8843",2020-10-25 20:11:36,28,NA,NA,0,NA,3.7,"US-89"
"C8916",2020-10-25 20:11:36,24,NA,NA,0,NA,16.9,"US-89"
"SWH",2020-10-25 20:11:40,20.89,32.2,0.75,0,NA,12.7,"US-89"
"UTMAN",2020-10-25 20:11:40,24.8,37.04,0.82,0,"no precip",5.8,"US-89"
"C8842",2020-10-25 20:11:46,19,NA,NA,0,NA,10.2,"US-89"
"C8843",2020-10-25 20:11:46,28,NA,NA,0,NA,3.7,"US-89"
"C8916",2020-10-25 20:11:46,24,NA,NA,0,NA,16.9,"US-89"
"SWH",2020-10-25 20:11:50,20.57,31.77,0.75,0,NA,12.7,"US-89"
"UTMAN",2020-10-25 20:11:50,24.9,37.4,0.82,0,"no precip",5.8,"US-89"
"C8842",2020-10-25 20:11:56,19,NA,NA,0,NA,10.2,"US-89"
"C8843",2020-10-25 20:11:56,28,NA,NA,0,NA,3.7,"US-89"
"C8916",2020-10-25 20:11:56,24,NA,NA,0,NA,16.9,"US-89"
"SWH",2020-10-25 20:12:00,21.43,31.62,0.75,0,NA,12.7,"US-89"
"UTMAN",2020-10-25 20:12:00,24.9,37.58,0.82,0,"no precip",5.8,"US-89"
"C8842",2020-10-25 20:12:06,19,NA,NA,0,NA,10.2,"US-89"
"C8843",2020-10-25 20:12:06,28,NA,NA,0,NA,3.7,"US-89"
"C8916",2020-10-25 20:12:06,24,NA,NA,0,NA,16.9,"US-89"
"SWH",2020-10-25 20:12:10,21.4,32.02,0.75,0,NA,12.7,"US-89"
"UTMAN",2020-10-25 20:12:10,24.4,37.4,0.82,0,"no precip",5.8,"US-89"
"C8842",2020-10-25 20:12:16,19,NA,NA,0,NA,10.2,"US-89"
"C8843",2020-10-25 20:12:16,28,NA,NA,0,NA,3.7,"US-89"
"C8916",2020-10-25 20:12:16,24,NA,NA,0,NA,16.9,"US-89"
"SWH",2020-10-25 20:12:20,20.69,31.69,0.7,0,NA,12.7,"US-89"
"UTMAN",2020-10-25 20:12:20,24.52,37.22,0.82,0,"no precip",5.8,"US-89"
"C8842",2020-10-25 20:12:26,20,NA,NA,0,NA,10.2,"US-89"
"C8843",2020-10-25 20:12:26,27,NA,NA,0,NA,3.7,"US-89"
"C8916",2020-10-25 20:12:26,24,NA,NA,0,NA,16.9,"US-89"
"SWH",2020-10-25 20:12:30,21.1,32.2,0.7,0,NA,12.7,"US-89"
"UTMAN",2020-10-25 20:12:30,24.8,37.22,0.82,0,"no precip",5.8,"US-89"
"C8842",2020-10-25 20:12:36,20,NA,NA,0,NA,10.2,"US-89"
"C8843",2020-10-25 20:12:36,28,NA,NA,0,NA,3.7,"US-89"
"C8916",2020-10-25 20:12:36,25,NA,NA,0,NA,16.9,"US-89"
"SWH",2020-10-25 20:12:40,21.33,33.64,0.7,0,NA,12.7,"US-89"
"UTMAN",2020-10-25 20:12:40,24.98,36.86,0.82,0,"light precip",5.8,"US-89"
"C8842",2020-10-25 20:12:46,20,NA,NA,0,NA,10.2,"US-89"
"C8843",2020-10-25 20:12:46,27,NA,NA,0,NA,3.7,"US-89"
"C8916",2020-10-25 20:12:46,25,NA,NA,0,NA,16.9,"US-89"
"SWH",2020-10-25 20:12:50,21.02,34.14,0.72,0,NA,12.7,"US-89"
"UTMAN",2020-10-25 20:12:50,25.03,37.04,0.82,0,"light precip",5.8,"US-89"
"C8842",2020-10-25 20:12:56,20,NA,NA,0,NA,10.2,"US-89"
"C8843",2020-10-25 20:12:56,27,NA,NA,0,NA,3.7,"US-89"
"C8916",2020-10-25 20:12:56,25,NA,NA,0,NA,16.9,"US-89"
"SWH",2020-10-25 20:13:00,21.33,34.68,0.75,0,NA,12.7,"US-89"
"UTMAN",2020-10-25 20:13:00,25.13,37.4,0.82,0,"no precip",5.8,"US-89"
"C8842",2020-10-25 20:13:06,20,NA,NA,0,NA,10.2,"US-89"
"C8843",2020-10-25 20:13:06,28,NA,NA,0,NA,3.7,"US-89"
"C8916",2020-10-25 20:13:06,25,NA,NA,0,NA,16.9,"US-89"
"SWH",2020-10-25 20:13:10,21.66,35.47,0.7,0,NA,12.7,"US-89"
"UTMAN",2020-10-25 20:13:10,25.38,37.76,0.82,0,"no precip",5.8,"US-89"
"C8842",2020-10-25 20:13:16,21,NA,NA,0,NA,10.2,"US-89"
"C8843",2020-10-25 20:13:16,28,NA,NA,0,NA,3.7,"US-89"
"C8916",2020-10-25 20:13:16,25,NA,NA,0,NA,16.9,"US-89"
"SWH",2020-10-25 20:13:20,21.78,36.16,0.72,0,NA,12.7,"US-89"
"UTMAN",2020-10-25 20:13:20,25.69,38.12,0.82,0,"light precip",5.8,"US-89"
"C8842",2020-10-25 20:13:26,21,NA,NA,0,NA,10.2,"US-89"
"C8843",2020-10-25 20:13:26,28,NA,NA,0,NA,3.7,"US-89"
"C8916",2020-10-25 20:13:26,26,NA,NA,0,NA,16.9,"US-89"
"SWH",2020-10-25 20:13:30,21.73,36.59,0.75,0,NA,12.7,"US-89"
"UTMAN",2020-10-25 20:13:30,26.32,39.02,0.82,0,"light precip",5.8,"US-89"
"C8842",2020-10-25 20:13:36,21,NA,NA,0,NA,10.2,"US-89"
"C8843",2020-10-25 20:13:36,29,NA,NA,0,NA,3.7,"US-89"
"C8916",2020-10-25 20:13:36,26,NA,NA,0,NA,16.9,"US-89"
"SWH",2020-10-25 20:13:40,21.68,37.56,0.75,0,NA,12.7,"US-89"
"UTMAN",2020-10-25 20:13:40,26.6,39.56,0.82,0,"light precip",5.8,"US-89"
"C8842",2020-10-25 20:13:46,21,NA,NA,0,NA,10.2,"US-89"
"C8843",2020-10-25 20:13:46,29,NA,NA,0,NA,3.7,"US-89"
"C8916",2020-10-25 20:13:46,26,NA,NA,0,NA,16.9,"US-89"
"SWH",2020-10-25 20:13:50,22.27,36.81,0.75,0,NA,12.7,"US-89"
"UTMAN",2020-10-25 20:13:50,27.06,40.28,0.82,0,"no precip",5.8,"US-89"
"C8842",2020-10-25 20:13:56,21,NA,NA,0,NA,10.2,"US-89"
"C8843",2020-10-25 20:13:56,30,NA,NA,0,NA,3.7,"US-89"
"C8916",2020-10-25 20:13:56,27,NA,NA,0,NA,16.9,"US-89"
"SWH",2020-10-25 20:14:00,21.78,35.04,0.75,0,NA,12.7,"US-89"
"UTMAN",2020-10-25 20:14:00,27.52,41.36,0.82,0,"no precip",5.8,"US-89"
"C8842",2020-10-25 20:14:06,21,NA,NA,0,NA,10.2,"US-89"
"C8843",2020-10-25 20:14:06,30,NA,NA,0,NA,3.7,"US-89"
"C8916",2020-10-25 20:14:06,28,NA,NA,0,NA,16.9,"US-89"
"SWH",2020-10-25 20:14:10,22.75,36.09,0.75,0,NA,12.7,"US-89"
"UTMAN",2020-10-25 20:14:10,27.59,41.54,0.82,0,"no precip",5.8,"US-89"
"C8842",2020-10-25 20:14:16,21,NA,NA,0,NA,10.2,"US-89"
"C8843",2020-10-25 20:14:16,31,NA,NA,0,NA,3.7,"US-89"
"C8916",2020-10-25 20:14:16,28,NA,NA,0,NA,16.9,"US-89"
"SWH",2020-10-25 20:14:20,22.93,43.39,0.75,0,NA,12.7,"US-89"
"UTMAN",2020-10-25 20:14:20,27.82,41.9,0.82,0,"no precip",5.8,"US-89"
"C8842",2020-10-25 20:14:26,22,NA,NA,0,NA,10.2,"US-89"
"C8843",2020-10-25 20:14:26,31,NA,NA,0,NA,3.7,"US-89"
"C8916",2020-10-25 20:14:26,28,NA,NA,0,NA,16.9,"US-89"
"SWH",2020-10-25 20:14:30,23.16,42.42,0.77,0,NA,12.7,"US-89"
"UTMAN",2020-10-25 20:14:30,28.08,42.08,0.82,0,"no precip",5.8,"US-89"
"C8842",2020-10-25 20:14:36,22,NA,NA,0,NA,10.2,"US-89"
"C8843",2020-10-25 20:14:36,30,NA,NA,0,NA,3.7,"US-89"
"C8916",2020-10-25 20:14:36,29,NA,NA,0,NA,16.9,"US-89"
"SWH",2020-10-25 20:14:40,24.02,48.61,0.77,0,NA,12.7,"US-89"
"UTMAN",2020-10-25 20:14:40,28.21,41.9,0.82,0,"no precip",5.8,"US-89"
"C8842",2020-10-25 20:14:46,23,NA,NA,0,NA,10.2,"US-89"
"C8843",2020-10-25 20:14:46,31,NA,NA,0,NA,3.7,"US-89"
"C8916",2020-10-25 20:14:46,29,NA,NA,0,NA,16.9,"US-89"
"SWH",2020-10-25 20:14:50,24.53,42.1,0.77,0,NA,12.7,"US-89"
"UTMAN",2020-10-25 20:14:50,28.79,43.88,0.82,0,"no precip",5.8,"US-89"
"C8842",2020-10-25 20:14:56,23,NA,NA,0,NA,10.2,"US-89"
"C8843",2020-10-25 20:14:56,32,NA,NA,0,NA,3.7,"US-89"
"C8916",2020-10-25 20:14:56,29,NA,NA,0,NA,16.9,"US-89"
"SWH",2020-10-25 20:15:00,24.68,43.79,0.77,0,NA,12.7,"US-89"
"UTMAN",2020-10-25 20:15:00,29.09,45.68,0.82,0,"no precip",5.8,"US-89"
